gene,Tconv_rep1,Tconv_rep2,Tconv_rep3,Tconv_rep4,Tconv_rep5,Tconv_rep6,Treg_rep1,Treg_rep2,Treg_rep3,Treg_rep4,Treg_rep5,Treg_rep6
Tcf7,37,40,53,29,44,21,56,24,29,59,42,38
Lef1,125,99,101,134,165,217,173,207,166,96,163,266
Ets1,0,2,1,1,0,0,1,0,0,1,1,0
Ets2,39,51,77,59,70,46,60,50,60,31,36,54
Runx1,2,1,0,1,2,0,1,0,0,2,1,0
Runx3,194,140,182,186,235,166,82,231,216,159,122,225
Gata3,281,335,362,289,382,337,264,440,327,239,259,420
Tbx21,80,104,89,72,88,64,86,70,76,98,59,74
Foxp3,381,368,211,328,372,359,375,385,353,404,404,304
Rorc,149,98,99,94,108,102,58,72,106,70,122,102
Bcl11b,133,151,142,133,98,135,92,118,165,156,114,123
Ikzf1,90,95,72,75,77,68,123,97,92,144,104,74
Ikzf2,9,10,11,8,11,10,4,6,7,5,7,7
Ikzf3,2201,1122,1921,2035,2121,2499,1398,2208,2335,2669,3158,2760
Batf,96,140,122,60,154,84,101,87,80,113,129,159
Irf4,20,12,14,10,8,11,12,11,16,16,14,9
Stat1,44,22,46,44,21,49,41,38,29,49,35,47
Stat3,88,160,90,96,109,132,121,88,128,77,92,136
Stat4,334,541,497,642,403,570,192,482,536,380,418,623
Stat5a,101,133,84,108,54,64,14,12,10,14,14,12
Stat5b,121,144,151,150,179,132,146,164,191,245,233,166
Il2ra,1183,1240,908,975,936,545,1058,1270,951,1183,668,590
Il7r,3217,2680,4950,4515,3894,4990,3058,5038,3526,4288,4142,4081
Il2rb,233,400,333,309,374,184,383,247,517,212,275,192
Cd4,158,192,133,185,196,165,145,127,155,172,200,129
Cd8a,7,13,15,8,16,11,0,2,2,1,1,2
Cd8b1,150,75,152,218,180,168,140,194,130,189,156,139
Cd3e,233,284,274,175,142,256,166,141,324,278,200,184
Cd28,2905,5210,4025,4428,4061,7801,1730,1597,1397,2388,1686,2103
Ctla4,49,47,71,43,34,78,53,46,53,66,51,65
Pdcd1,609,523,320,477,327,482,431,418,368,275,293,340
Lag3,98,57,103,75,56,28,95,65,68,76,35,56
Ifng,398,384,353,349,378,377,311,358,271,265,343,278
Il4,106,103,135,181,105,142,116,97,80,112,103,101
Il17a,17,9,21,29,10,12,9,26,27,19,23,16
Il21,290,231,146,202,195,262,69,91,32,75,79,86
Tnf,14,12,14,20,8,26,25,28,17,33,9,18
Ccr7,159,188,133,184,167,143,187,236,165,177,191,187
Sell,716,397,389,681,458,534,552,697,329,477,650,478
Klrg1,34,33,37,23,47,26,38,43,43,36,23,40
Prdm1,2,7,9,14,6,7,3,1,1,1,1,2
Bach2,317,408,377,296,685,507,389,348,203,711,540,301
Zeb2,99,148,174,171,199,111,120,135,179,153,134,121
Id2,676,424,659,769,445,463,475,337,567,646,294,797
Id3,3,8,5,5,5,4,17,11,25,25,11,23
Myb,570,1123,617,632,954,764,3568,2119,3324,2825,2895,2891
Myc,0,2,2,2,4,1,6,9,4,5,8,7
Notch1,34,17,28,34,26,33,19,34,37,19,30,22
Rag1,28,56,45,73,35,54,56,60,36,73,95,58
Rag2,977,695,591,830,687,998,707,736,439,495,909,624
Dntt,14,24,21,12,26,22,17,25,14,13,11,25
Satb1,20,15,48,16,13,27,29,26,65,24,28,32
Ctcf,149,105,112,107,105,123,130,130,117,181,105,168
Smc1a,191,171,155,135,149,109,200,129,157,108,100,152
Rad21,9,12,13,16,13,15,12,10,13,17,13,12
Ezh2,6,5,5,4,4,5,3,6,6,0,7,2
Dnmt3a,151,122,86,136,128,140,224,138,194,139,161,188
Tet2,431,339,332,383,384,433,236,246,360,330,376,234
Kdm6b,16,16,4,9,8,5,5,13,12,2,8,5
Hdac3,159,158,99,109,155,70,160,117,115,136,123,84
Ep300,9,7,15,15,12,11,8,10,12,11,8,13
Crebbp,122,80,84,63,77,68,82,51,40,95,53,106
Brd4,89,76,105,88,78,44,95,59,76,89,115,119
Smarca4,126,81,123,91,86,66,117,90,105,115,90,67
Gene0001,60,91,95,73,87,82,83,127,92,64,104,87
Gene0002,162,284,162,227,168,155,168,237,197,151,253,144
Gene0003,445,514,287,660,557,385,440,491,341,334,400,490
Gene0004,105,103,109,81,89,98,71,147,71,121,90,64
Gene0005,505,1139,942,673,1208,1456,650,882,549,696,674,733
Gene0006,452,452,345,331,321,407,457,510,430,717,436,346
Gene0007,907,683,494,781,426,535,398,412,575,721,667,615
Gene0008,7,11,7,12,17,4,6,5,7,7,10,13
Gene0009,311,381,317,357,381,211,2119,3571,2306,2329,2764,2732
Gene0010,153,94,141,119,94,118,84,102,119,136,115,116
Gene0011,66,77,81,71,37,40,86,60,79,41,38,58
Gene0012,69,76,90,62,65,49,106,72,75,69,72,68
Gene0013,311,387,370,240,436,290,313,299,356,222,325,398
Gene0014,1045,1480,1140,1308,1089,1088,6529,5120,5655,3082,6232,5602
Gene0015,445,258,267,247,410,352,482,329,264,375,288,304
Gene0016,33,34,41,42,47,31,46,37,35,67,30,29
Gene0017,61,52,61,55,33,45,53,43,59,39,78,36
Gene0018,13,14,9,8,10,15,16,14,15,5,8,10
Gene0019,669,703,664,468,622,651,579,468,667,643,771,607
Gene0020,105,168,154,184,102,87,122,166,143,100,208,146
Gene0021,109,139,134,121,100,99,87,75,145,78,105,100
Gene0022,179,209,210,199,176,246,152,215,167,189,199,224
Gene0023,312,346,344,256,238,244,359,249,342,204,494,183
Gene0024,91,103,117,115,122,98,109,94,120,81,74,133
Gene0025,401,367,248,226,324,297,346,299,329,251,323,415
Gene0026,223,328,361,378,243,225,213,342,200,240,305,281
Gene0027,113,67,93,39,71,57,80,73,133,66,61,83
Gene0028,472,556,622,681,402,447,1823,2721,2286,2281,1702,1365
Gene0029,550,475,711,418,415,676,273,466,572,554,697,345
Gene0030,584,925,690,688,691,454,679,725,759,635,680,595
Gene0031,159,182,153,179,131,116,110,126,162,122,189,109
Gene0032,39,41,86,59,42,50,272,317,355,423,393,347
Gene0033,68,68,61,97,111,39,54,68,83,54,82,63
Gene0034,285,334,259,295,227,383,276,401,370,274,340,306
Gene0035,358,472,498,256,277,320,359,458,278,375,270,557
Gene0036,34,79,33,64,33,50,183,198,187,155,173,180
Gene0037,11,10,13,9,9,8,15,9,10,5,9,8
Gene0038,172,219,316,158,159,286,222,247,207,195,235,209
Gene0039,495,376,313,348,344,331,36,45,34,51,42,47
Gene0040,7,1,12,7,11,7,14,14,7,3,6,6
Gene0041,477,314,413,493,457,430,441,417,414,343,367,392
Gene0042,85,83,164,105,100,100,101,54,66,89,37,73
Gene0043,419,269,285,277,437,426,387,187,376,411,326,300
Gene0044,128,123,92,132,140,147,159,140,86,103,167,175
Gene0045,219,183,244,212,234,156,320,141,287,181,182,144
Gene0046,231,215,187,193,168,179,163,158,156,261,277,114
Gene0047,20,22,19,13,13,14,5,9,13,12,16,12
Gene0048,112,85,108,83,60,61,245,304,549,696,436,294
Gene0049,1008,1023,1500,1305,826,1355,1889,3552,2509,3572,3434,3214
Gene0050,5,14,13,10,8,9,2,11,8,5,8,6
Gene0051,772,755,949,573,740,774,1235,959,599,1164,560,617
Gene0052,730,1022,626,778,846,681,546,859,854,1078,929,903
Gene0053,149,114,91,158,108,112,223,88,157,111,115,167
Gene0054,13,7,8,13,13,9,10,10,12,15,9,9
Gene0055,79,36,51,72,86,47,55,44,108,59,45,47
Gene0056,1795,2437,2199,2351,1932,2200,13184,11326,14166,7939,22111,10117
Gene0057,19,16,9,24,19,15,27,12,14,28,29,16
Gene0058,146,131,171,136,122,80,118,91,144,96,159,161
Gene0059,8,3,7,4,7,12,6,6,6,9,7,9
Gene0060,200,127,85,137,88,124,106,167,106,154,190,172
Gene0061,85,102,98,102,147,111,125,140,120,118,66,102
Gene0062,95,100,95,78,61,60,106,52,87,85,129,85
Gene0063,343,228,177,191,268,251,284,241,186,280,362,216
Gene0064,6228,4804,5799,4638,4689,4253,6463,5842,3748,4192,4090,2783
Gene0065,78,77,109,76,71,124,85,143,73,124,94,93
Gene0066,135,149,101,88,125,214,127,70,109,124,117,104
Gene0067,15,16,17,24,26,10,3,2,2,5,3,5
Gene0068,151,185,111,126,131,80,15,13,16,17,17,19
Gene0069,213,255,111,217,185,96,205,191,113,200,210,223
Gene0070,13,15,11,13,9,2,9,7,10,10,15,10
Gene0071,2163,2078,1487,2649,1800,3264,2394,1940,963,2420,1533,2253
Gene0072,53,70,54,53,28,39,36,44,37,51,40,74
Gene0073,401,199,250,308,512,348,280,233,285,234,263,323
Gene0074,110,57,82,59,79,78,134,108,136,93,110,116
Gene0075,1759,1630,1262,603,1961,1309,1761,858,1317,1505,1175,1036
Gene0076,159,44,113,114,127,154,147,121,99,112,119,107
Gene0077,39,52,65,17,48,32,33,42,38,50,14,48
Gene0078,64,38,44,52,50,60,39,34,45,41,60,31
Gene0079,82,73,79,62,77,79,72,74,125,97,105,80
Gene0080,185,150,201,205,166,207,246,233,248,194,157,254
Gene0081,48,24,76,67,55,69,77,47,52,65,38,38
Gene0082,593,313,860,690,640,486,581,568,681,678,443,586
Gene0083,174,169,176,200,215,163,29,47,49,40,38,37
Gene0084,192,159,276,244,169,249,130,172,155,277,252,337
Gene0085,77,69,91,99,78,107,121,120,121,113,73,90
Gene0086,783,1094,1035,971,1218,1165,1073,970,1370,1171,1152,466
Gene0087,594,418,385,263,452,485,410,391,404,490,359,538
Gene0088,1167,1398,1112,1052,989,1073,758,1073,788,1252,1088,1689
Gene0089,206,213,285,257,186,124,227,171,249,172,381,238
Gene0090,461,182,437,387,312,196,292,271,346,389,200,294
Gene0091,21,19,17,28,14,15,22,15,24,12,19,14
Gene0092,41,12,24,16,38,30,41,21,38,18,33,24
Gene0093,16,19,44,27,27,17,145,134,123,112,73,123
Gene0094,198,266,230,196,212,179,59,43,54,40,30,48
Gene0095,226,216,179,178,165,107,762,1089,612,687,901,923
Gene0096,1347,1538,1062,1127,1747,1830,1273,1966,1399,1830,1868,958
Gene0097,83,105,108,145,93,127,99,77,55,81,155,113
Gene0098,152,114,266,149,142,136,19,36,17,17,22,15
Gene0099,54,74,81,51,67,108,34,48,65,61,55,59
Gene0100,164,96,100,147,118,109,164,152,112,115,88,104
Gene0101,195,277,221,154,130,217,193,121,313,204,194,177
Gene0102,35,45,33,55,47,64,55,46,46,38,55,52
Gene0103,64,53,37,64,22,39,47,46,39,36,64,61
Gene0104,6,3,3,0,2,0,4,2,3,2,4,2
Gene0105,354,308,258,317,303,349,431,280,180,398,371,291
Gene0106,178,160,153,136,200,162,185,135,192,202,113,153
Gene0107,277,310,349,273,368,275,334,298,392,294,466,263
Gene0108,304,471,379,281,437,579,462,524,340,423,413,294
Gene0109,36,27,31,55,59,26,57,24,37,52,32,43
Gene0110,109,134,120,114,156,137,135,115,106,160,168,187
Gene0111,4,4,2,2,5,1,1,0,1,0,1,0
Gene0112,22,23,34,35,13,37,28,18,22,26,37,28
Gene0113,50,32,53,51,45,35,42,43,57,45,53,40
Gene0114,95,111,76,105,92,73,63,72,51,94,49,55
Gene0115,25,47,29,36,45,37,38,26,36,27,38,31
Gene0116,95,57,122,60,94,122,100,87,118,104,97,105
Gene0117,9,14,24,15,24,19,14,18,18,11,16,5
Gene0118,427,353,352,720,505,482,680,612,730,449,674,262
Gene0119,136,88,86,190,90,52,26,22,42,21,37,24
Gene0120,756,816,945,738,695,636,955,670,634,723,725,800
Gene0121,42,25,18,31,31,17,25,24,21,19,25,17
Gene0122,4,12,6,2,6,9,4,1,6,5,4,1
Gene0123,55,71,72,57,64,44,40,41,59,28,74,55
Gene0124,1958,2744,1721,2632,2670,2261,2925,2571,2571,2047,1793,3378
Gene0125,317,407,276,281,460,394,295,364,381,448,397,163
Gene0126,79,86,84,112,106,101,160,136,83,134,116,153
Gene0127,210,375,168,293,209,164,291,144,427,273,282,245
Gene0128,25,57,31,24,42,29,42,29,56,46,47,31
Gene0129,132,40,87,110,143,69,112,127,103,150,144,101
Gene0130,39,31,19,21,17,27,17,25,32,12,28,25
Gene0131,1301,859,921,742,795,820,884,1255,1069,1222,1253,1072
Gene0132,191,207,175,162,165,303,238,153,147,153,188,225
Gene0133,138,152,104,144,123,99,520,410,427,389,294,340
Gene0134,431,383,367,640,555,459,395,642,293,426,285,297
Gene0135,736,831,672,669,488,502,477,601,895,738,470,611
Gene0136,83,63,51,52,78,66,79,62,77,55,54,79
Gene0137,1519,991,1300,1096,2094,1243,1707,1591,1947,1645,1591,2209
Gene0138,148,135,112,76,102,92,153,90,112,63,78,120
Gene0139,813,449,740,836,502,411,211,228,287,247,169,197
Gene0140,132,231,103,152,183,91,155,188,147,219,177,128
Gene0141,317,267,212,345,406,331,1578,1452,1437,903,1332,951
Gene0142,70,126,153,120,98,103,100,136,124,143,130,120
Gene0143,1051,833,951,1495,945,1345,929,1585,1054,1322,892,866
Gene0144,5,10,8,7,6,9,6,3,13,5,3,4
Gene0145,267,292,341,348,313,404,3313,1876,2661,1576,1370,1876
Gene0146,1323,1056,973,990,1132,1056,1264,1047,1551,1028,866,1082
Gene0147,37,38,30,40,37,36,35,37,51,56,47,28
Gene0148,39,29,38,20,33,25,26,30,20,27,29,19
Gene0149,17,7,13,10,13,7,13,11,12,8,30,19
Gene0150,428,217,341,300,264,271,373,276,266,291,425,274
Gene0151,12,12,14,14,10,11,13,11,14,8,14,22
Gene0152,208,289,272,208,279,280,286,229,212,205,268,137
Gene0153,15,43,51,19,30,30,5,5,6,8,4,4
Gene0154,178,231,275,224,284,275,285,154,310,258,243,108
Gene0155,116,144,154,150,227,146,122,134,166,138,224,147
Gene0156,792,986,1240,710,1076,1039,1409,939,991,656,807,1306
Gene0157,408,417,362,389,334,355,404,278,266,345,295,399
Gene0158,859,1015,1248,1852,1458,1491,1015,1142,1379,1155,1339,1071
Gene0159,2293,2742,3042,2350,2478,2944,1833,2224,2909,2332,1812,4173
Gene0160,113,150,149,152,99,172,126,118,155,186,94,87
Gene0161,139,277,188,243,172,301,162,154,115,145,240,175
Gene0162,25,34,25,26,32,34,18,41,18,26,27,29
Gene0163,185,99,98,93,132,115,52,72,75,41,46,50
Gene0164,50,50,38,56,40,34,10,8,18,7,10,13
Gene0165,161,242,189,164,181,157,199,179,180,107,166,132
Gene0166,266,248,456,318,244,335,264,357,195,426,351,332
Gene0167,59,79,72,72,76,102,65,68,84,94,121,87
Gene0168,881,767,1026,847,1558,941,1648,764,1535,945,576,989
Gene0169,293,578,643,330,479,413,69,81,53,57,37,67
Gene0170,29,29,27,23,29,50,43,53,25,46,20,39
Gene0171,133,126,152,131,105,85,113,200,76,105,108,107
Gene0172,53,44,56,40,46,49,16,55,57,32,32,41
Gene0173,576,819,591,1130,415,483,571,650,593,368,453,795
Gene0174,189,334,173,169,256,266,1596,986,1602,1901,1284,1732
Gene0175,196,156,169,170,293,256,149,245,230,319,159,245
Gene0176,472,381,383,463,285,291,72,83,65,104,131,99
Gene0177,127,184,204,241,166,166,170,281,142,139,265,229
Gene0178,9135,15389,10500,11586,6669,7732,7004,13039,10448,7791,15665,10470
Gene0179,77,66,70,72,39,58,45,36,37,61,72,26
Gene0180,83,65,110,89,62,75,216,243,223,243,238,206
Gene0181,32,82,35,59,50,59,172,210,179,168,153,271
Gene0182,591,578,465,734,309,834,573,628,840,687,633,593
Gene0183,1098,529,1016,969,723,597,846,841,691,842,867,665
Gene0184,318,426,591,480,346,474,426,526,533,491,411,575
Gene0185,43,37,55,40,48,45,5,3,6,4,5,7
Gene0186,95,92,52,111,74,63,129,129,188,330,160,185
Gene0187,618,285,370,336,308,509,62,47,130,59,77,73
Gene0188,40,49,57,49,49,47,43,58,69,64,32,47
Gene0189,38,13,45,38,39,16,38,43,43,23,56,29
Gene0190,36,23,28,33,39,35,31,39,17,36,38,43
Gene0191,289,290,317,313,227,223,265,312,208,278,201,199
Gene0192,88,105,65,105,101,76,110,100,91,110,94,85
Gene0193,103,99,68,99,130,113,53,86,72,92,90,87
Gene0194,761,472,540,517,504,694,900,746,589,409,714,695
Gene0195,268,210,218,264,327,204,204,197,237,207,144,199
Gene0196,8,11,10,12,3,10,11,9,10,11,7,17
Gene0197,163,71,103,98,119,96,18,18,13,17,13,11
Gene0198,28,33,19,28,27,17,21,24,21,14,15,27
Gene0199,197,132,168,212,117,118,101,256,102,170,229,143
Gene0200,637,543,476,470,464,553,177,157,156,188,165,126
Gene0201,39,58,28,50,16,47,27,32,37,27,33,27
Gene0202,35,45,27,30,37,49,111,60,76,89,76,78
Gene0203,948,649,988,590,587,807,864,676,727,563,735,904
Gene0204,664,612,381,375,428,421,525,650,366,401,742,408
Gene0205,28,12,13,21,13,23,23,27,22,35,13,23
Gene0206,36,41,46,56,41,59,15,11,22,13,14,27
Gene0207,39,70,33,51,48,35,28,45,44,34,38,27
Gene0208,150,75,110,103,105,147,78,115,96,95,128,123
Gene0209,47,60,33,68,38,67,40,72,50,62,38,63
Gene0210,785,581,626,743,564,499,433,397,727,1082,772,743
Gene0211,1586,2367,1003,2008,1811,820,693,628,460,963,572,657
Gene0212,41,51,56,68,50,52,102,80,82,48,61,60
Gene0213,46,32,44,40,55,41,41,42,34,38,27,47
Gene0214,59,114,95,124,108,127,136,137,88,105,97,94
Gene0215,16,9,14,13,12,26,13,6,5,6,11,8
Gene0216,22,25,12,17,18,23,24,22,43,35,34,19
Gene0217,63,104,78,82,98,135,31,36,35,27,12,18
Gene0218,2835,3346,2879,3593,2715,2257,6704,3631,6439,5814,8391,5743
Gene0219,34,56,41,54,42,25,37,47,64,44,42,81
Gene0220,505,311,518,348,350,369,385,396,348,368,257,394
Gene0221,65,71,90,62,42,88,117,40,86,59,73,56
Gene0222,97,169,98,68,97,138,92,94,138,106,137,83
Gene0223,565,1131,523,888,581,918,785,545,854,681,618,774
Gene0224,477,484,402,710,640,526,571,638,737,386,426,643
Gene0225,33,38,33,29,34,24,45,20,71,41,41,26
Gene0226,118,85,58,113,92,131,103,137,136,90,178,132
Gene0227,290,318,299,285,134,286,349,260,363,284,489,196
Gene0228,160,253,306,353,162,288,270,207,348,277,219,221
Gene0229,432,508,507,427,377,516,455,355,284,500,456,467
Gene0230,11,16,10,11,11,14,13,14,16,4,15,14
Gene0231,10,15,5,17,6,14,9,8,12,21,16,23
Gene0232,148,151,129,108,211,187,104,141,181,105,232,127
Gene0233,1165,1365,1085,1289,1197,1204,1239,1095,1301,1213,1237,905
Gene0234,190,147,136,199,155,148,213,131,273,179,178,254
Gene0235,2040,2501,1717,1788,1765,2153,1408,2175,1936,1832,1988,3423
Gene0236,77,93,84,71,97,114,45,53,43,52,32,64
Gene0237,147,137,155,163,186,207,109,174,172,212,131,129
Gene0238,22,34,24,58,33,29,39,41,27,27,29,25
Gene0239,128,106,84,75,83,75,88,70,127,63,68,71
Gene0240,93,130,110,127,128,100,80,157,128,58,78,140
Gene0241,7142,6829,4821,8116,4627,7551,3307,5485,4349,3508,3433,4039
Gene0242,52,36,48,52,29,47,37,53,60,42,28,66
Gene0243,303,241,210,272,264,263,225,256,253,234,123,304
Gene0244,684,722,816,619,606,487,730,552,984,764,536,696
Gene0245,2449,2870,1827,2125,2565,2379,1739,2552,2002,2480,3159,1784
Gene0246,20,24,28,29,45,23,28,14,23,26,33,36
Gene0247,97,89,121,73,105,84,89,68,49,75,104,96
Gene0248,24,29,16,30,30,35,29,29,21,40,33,32
Gene0249,146,142,194,178,118,178,152,110,182,194,256,183
Gene0250,565,1002,720,906,686,884,630,671,993,545,1337,807
Gene0251,1096,1422,1078,1021,1400,1098,1721,1631,986,1354,1932,1141
Gene0252,294,175,257,340,275,305,384,225,308,340,265,199
Gene0253,79,185,175,121,192,78,148,136,119,140,180,158
Gene0254,355,345,435,384,384,284,380,405,399,409,510,402
Gene0255,1109,1174,1061,726,1103,1172,1504,1088,904,926,1113,954
Gene0256,51,68,87,85,45,77,36,65,60,45,96,55
Gene0257,136,221,96,156,149,132,128,142,165,146,116,129
Gene0258,198,318,260,319,348,295,252,511,195,218,411,474
Gene0259,370,728,875,840,676,711,908,814,703,868,743,626
Gene0260,63,111,61,75,91,59,71,70,35,96,79,39
Gene0261,552,775,565,508,466,465,520,728,674,439,813,971
Gene0262,56,84,45,50,56,47,49,58,47,48,34,79
Gene0263,29,31,20,20,21,42,33,31,25,38,27,35
Gene0264,22,44,17,20,23,7,20,21,33,15,20,29
Gene0265,134,134,85,152,128,153,549,677,363,310,601,487
Gene0266,44,64,23,22,39,56,8,11,13,11,8,14
Gene0267,217,226,280,224,180,240,537,478,564,335,535,312
Gene0268,257,178,246,241,168,178,191,209,159,257,239,233
Gene0269,33,21,18,31,22,19,25,13,19,18,14,20
Gene0270,1778,1186,1393,1415,1623,1270,1718,1859,1148,1401,2377,868
Gene0271,117,104,76,126,118,90,211,89,136,152,89,156
Gene0272,6,12,3,5,7,9,4,3,7,3,5,2
Gene0273,211,301,327,316,265,263,404,288,193,251,241,298
Gene0274,29,17,21,31,32,27,19,20,13,21,17,12
Gene0275,1571,1105,1568,811,1821,1219,1551,1574,1149,1937,2107,1460
Gene0276,14,19,14,11,18,26,3,6,6,3,4,4
Gene0277,80,68,61,63,83,74,9,14,15,12,7,11
Gene0278,207,148,185,189,213,353,172,200,344,248,151,176
Gene0279,486,566,407,362,364,416,573,397,633,745,693,521
Gene0280,167,164,97,134,159,68,435,649,487,420,310,350
Gene0281,158,169,162,227,142,105,125,144,92,293,154,155
Gene0282,65,44,48,37,61,58,45,47,38,90,53,50
Gene0283,3,2,6,6,5,6,2,3,4,1,3,1
Gene0284,49,77,64,90,58,64,23,24,22,12,23,25
Gene0285,24,16,18,15,13,20,19,13,21,18,19,15
Gene0286,254,154,157,181,319,275,250,299,307,218,201,163
Gene0287,11,17,25,15,28,24,31,23,24,16,23,17
Gene0288,144,163,161,151,190,109,131,152,161,177,129,141
Gene0289,7,3,1,6,2,5,5,6,3,3,3,3
Gene0290,4,2,5,5,4,3,1,5,2,5,2,7
Gene0291,469,691,749,845,602,678,127,115,138,133,133,114
Gene0292,548,256,281,215,382,329,931,672,789,662,436,651
Gene0293,337,290,249,454,185,307,308,281,283,391,267,321
Gene0294,698,701,549,551,795,689,815,562,796,477,775,758
Gene0295,137,126,115,134,66,54,103,92,68,116,82,61
Gene0296,102,86,84,80,73,83,62,85,76,93,48,98
Gene0297,366,382,322,302,461,224,896,1018,1494,1593,1177,1216
Gene0298,135,151,162,129,156,99,115,122,136,128,171,211
Gene0299,3479,3523,1967,3550,3339,3594,1477,984,1487,1240,1563,1602
Gene0300,925,1384,1493,1702,1397,1474,1269,1014,1014,1051,1038,1337
Gene0301,638,1014,721,849,558,860,634,583,671,701,642,615
Gene0302,131,70,114,84,119,50,113,154,105,78,112,79
Gene0303,51,32,36,34,33,36,29,69,40,54,55,36
Gene0304,376,247,156,208,252,330,301,169,214,366,273,187
Gene0305,570,530,482,777,583,736,508,698,668,645,572,455
Gene0306,35,78,61,62,41,72,61,60,58,64,69,49
Gene0307,63,61,72,56,51,69,103,70,79,39,90,81
Gene0308,204,121,150,142,152,88,146,118,111,139,137,160
Gene0309,93,59,82,105,82,49,65,44,67,78,84,49
Gene0310,176,180,204,176,103,125,188,161,196,156,189,178
Gene0311,94,70,86,68,68,60,16,48,50,14,24,34
Gene0312,317,247,252,255,382,222,230,280,422,361,175,287
Gene0313,74,56,32,62,40,27,75,62,70,57,47,42
Gene0314,392,284,337,342,282,310,312,376,316,425,237,225
Gene0315,27,41,38,60,30,43,132,170,105,182,124,178
Gene0316,954,467,572,1309,1043,726,603,705,1028,934,850,556
Gene0317,141,151,134,151,106,139,174,128,149,95,157,158
Gene0318,4,4,6,9,6,5,4,4,9,7,3,5
Gene0319,240,250,217,272,228,456,82,141,61,158,122,115
Gene0320,163,157,109,128,130,137,158,98,155,88,73,70
Gene0321,42,44,57,53,41,56,66,34,52,34,27,84
Gene0322,283,350,527,447,361,542,427,418,422,486,390,357
Gene0323,23,25,13,13,9,4,11,10,14,13,14,23
Gene0324,1191,1519,966,1044,1448,1041,725,1053,813,791,680,875
Gene0325,10,32,14,9,22,17,13,23,18,17,19,22
Gene0326,10,8,13,7,9,10,64,68,34,49,53,27
Gene0327,37,98,77,62,83,31,32,40,18,24,28,13
Gene0328,1461,1149,1408,1523,1223,984,1495,1136,1262,801,1179,1264
Gene0329,59,60,34,56,53,59,42,85,32,51,59,61
Gene0330,95,108,75,74,71,106,542,769,440,738,495,581
Gene0331,25,38,31,21,32,30,19,20,22,40,15,42
Gene0332,244,338,464,314,239,329,1209,1791,1937,1363,1487,2175
Gene0333,59,43,37,31,47,45,37,56,32,70,31,41
Gene0334,30,34,25,39,30,35,36,21,15,33,13,34
Gene0335,34,56,44,47,35,18,30,35,27,32,31,49
Gene0336,385,305,368,450,379,367,554,368,382,443,450,332
Gene0337,405,380,358,493,437,416,484,629,436,303,511,626
Gene0338,79,99,57,85,77,73,84,78,86,83,63,127
Gene0339,748,258,485,478,525,922,692,545,482,463,355,542
Gene0340,5,16,9,8,8,13,30,26,14,10,40,30
Gene0341,45,35,50,37,22,43,30,23,38,37,38,52
Gene0342,649,459,392,393,419,646,546,533,780,741,476,409
Gene0343,80,41,31,66,45,41,25,50,76,46,38,47
Gene0344,1002,857,863,841,1280,1129,929,1339,1283,1061,1275,732
Gene0345,97,91,56,117,75,119,88,114,83,96,89,69
Gene0346,6,10,15,10,9,4,16,12,9,8,15,13
Gene0347,7985,4935,5586,5225,4553,7103,7563,5890,6897,7642,5045,7605
Gene0348,198,279,117,232,280,314,222,173,255,294,294,367
Gene0349,13,16,17,24,26,11,23,14,29,13,21,23
Gene0350,784,1488,1327,1186,1358,1416,1705,1580,972,946,1388,1566
Gene0351,57,40,44,50,38,60,53,44,33,32,55,60
Gene0352,154,165,125,162,126,156,143,116,171,107,145,94
Gene0353,36,24,29,42,30,40,41,45,40,44,45,31
Gene0354,165,301,229,270,229,277,205,169,203,183,266,200
Gene0355,58,34,60,35,83,45,46,55,65,40,56,99
Gene0356,143,157,103,153,61,162,97,168,121,131,121,104
Gene0357,480,357,376,481,336,279,282,294,316,349,249,211
Gene0358,73,67,46,178,91,126,81,66,96,97,69,82
Gene0359,21,6,11,11,5,7,13,0,8,2,11,13
Gene0360,190,177,275,269,191,283,191,200,249,219,170,291
Gene0361,58,113,85,155,103,104,78,132,112,89,88,117
Gene0362,70,125,122,60,72,70,83,69,79,55,71,73
Gene0363,17,11,17,11,15,17,29,10,30,16,27,11
Gene0364,179,118,137,217,160,112,209,158,138,131,162,166
Gene0365,1119,1978,1978,1815,1665,2390,1819,1780,2270,1655,1550,1978
Gene0366,22,24,15,14,18,8,15,8,16,17,18,13
Gene0367,872,245,672,968,540,817,1166,2510,1826,1476,1480,2120
Gene0368,16,49,45,35,35,54,29,31,48,42,25,32
Gene0369,43,28,35,56,43,31,6,15,14,9,14,11
Gene0370,174,182,284,253,293,451,234,359,118,276,219,163
Gene0371,610,619,520,614,484,314,434,630,279,568,442,598
Gene0372,176,185,156,263,217,376,290,267,167,264,311,197
Gene0373,47,28,50,46,36,38,47,32,34,50,47,64
Gene0374,11,6,9,16,15,16,9,15,13,8,15,16
Gene0375,3988,3267,2481,4086,2782,3054,1747,3221,4433,3454,2635,2882
Gene0376,74,82,90,109,96,92,533,540,579,586,356,566
Gene0377,1398,1366,1854,1143,1105,952,1286,1613,1769,1401,1296,817
Gene0378,280,413,452,388,462,309,342,347,385,423,399,360
Gene0379,4,5,3,5,5,7,4,2,5,4,3,2
Gene0380,354,317,357,321,461,346,383,310,325,340,360,460
Gene0381,38,29,29,31,32,19,15,8,14,14,13,14
Gene0382,625,736,523,898,839,343,633,868,698,752,801,682
Gene0383,123,79,96,84,67,138,181,227,208,259,203,278
Gene0384,40,37,46,38,16,23,32,47,48,32,43,26
Gene0385,171,127,163,174,117,118,46,37,38,23,51,27
Gene0386,171,184,191,254,118,174,15,18,22,19,23,19
Gene0387,45,32,40,52,26,39,41,35,22,25,45,26
Gene0388,20,13,6,13,19,13,14,14,22,10,5,21
Gene0389,76,140,115,71,47,84,24,17,19,14,9,12
Gene0390,29,36,23,39,36,35,20,27,47,39,37,26
Gene0391,208,221,287,189,204,245,164,195,258,314,251,296
Gene0392,56,40,58,55,49,38,54,40,49,57,44,58
Gene0393,473,349,360,546,404,360,328,430,485,304,329,350
Gene0394,1405,759,1458,910,1305,1200,1668,1044,960,1001,1437,1463
Gene0395,50,28,51,61,31,23,48,37,42,24,31,24
Gene0396,92,125,117,197,172,96,127,184,194,195,104,134
Gene0397,566,793,490,684,591,573,790,871,855,942,458,719
Gene0398,15,6,11,11,19,20,3,4,5,6,3,7
Gene0399,38,38,54,33,27,46,16,8,20,14,16,12
Gene0400,483,576,631,724,805,650,705,711,415,742,457,647
Gene0401,434,315,340,276,265,431,50,56,59,86,73,53
Gene0402,51,65,39,27,30,51,46,41,38,54,44,44
Gene0403,47,44,71,56,42,52,60,40,63,50,63,72
Gene0404,432,475,288,516,511,396,331,673,386,463,279,550
Gene0405,55,54,32,43,25,43,44,65,72,44,34,49
Gene0406,161,118,168,123,108,108,181,100,109,106,155,130
Gene0407,186,198,76,93,109,164,125,130,102,110,175,153
Gene0408,285,297,413,304,284,261,341,338,353,265,364,354
Gene0409,35,25,35,28,25,40,15,36,35,23,35,31
Gene0410,25,39,30,42,21,42,30,23,20,23,20,20
Gene0411,313,179,337,318,204,307,281,216,180,165,226,182
Gene0412,68,83,61,80,46,69,78,90,67,55,98,53
Gene0413,45,25,26,22,23,34,19,34,23,25,30,23
Gene0414,142,192,183,195,186,137,184,182,315,209,101,194
Gene0415,72,31,60,44,18,31,39,22,62,40,70,39
Gene0416,1779,1067,1693,1837,1863,1377,249,418,288,262,383,308
Gene0417,752,1065,862,989,682,939,540,693,794,901,408,772
Gene0418,36,36,51,54,76,55,25,22,30,17,27,25
Gene0419,5,6,11,3,6,6,4,6,10,5,9,8
Gene0420,29,23,26,14,31,19,17,17,18,18,27,17
Gene0421,83,97,62,73,61,61,101,90,49,41,90,59
Gene0422,108,213,184,246,192,213,341,202,214,303,253,182
Gene0423,557,592,336,343,547,620,484,571,348,508,448,505
Gene0424,1606,1752,1397,1080,1479,1550,1092,1189,1225,1538,1384,1181
Gene0425,449,554,484,387,378,538,533,421,512,291,357,341
Gene0426,1264,1345,1735,2718,1194,1815,1361,2092,2061,1411,1446,1900
Gene0427,50,26,29,32,30,29,32,36,29,25,28,49
Gene0428,12,4,14,17,9,11,14,24,16,11,16,10
Gene0429,39,30,37,32,29,31,30,28,21,31,27,40
Gene0430,644,401,575,533,616,502,503,355,739,731,517,735
Gene0431,4358,5487,5550,3955,3134,4988,3052,4693,5289,3455,4738,4508
Gene0432,156,120,95,187,135,91,230,117,146,199,185,151
Gene0433,88,63,85,66,57,74,105,96,104,61,94,75
Gene0434,104,257,148,180,98,115,169,110,101,102,117,120
Gene0435,260,363,251,454,475,410,63,70,83,53,56,56
Gene0436,76,72,77,76,57,76,81,48,72,56,84,85
Gene0437,109,123,156,168,149,131,81,91,161,128,136,163
Gene0438,39,80,46,58,40,67,77,38,49,70,48,53
Gene0439,184,138,184,160,168,189,111,160,218,166,131,170
Gene0440,845,1020,911,823,1446,1246,1159,981,1086,1428,780,1153
Gene0441,16,8,15,12,12,23,8,12,12,21,20,16
Gene0442,103,113,83,144,113,74,75,92,121,68,128,113
Gene0443,201,244,261,211,181,253,193,236,202,208,211,266
Gene0444,33,21,24,24,19,19,16,34,25,37,44,32
Gene0445,1279,1380,1299,1194,935,955,838,836,927,1791,1284,939
Gene0446,1150,1077,1245,754,1144,1574,465,537,474,539,546,376
Gene0447,328,530,429,276,290,299,407,335,416,385,247,391
Gene0448,22,13,24,20,24,29,18,17,17,16,24,23
Gene0449,83,56,55,46,58,47,53,59,79,60,51,50
Gene0450,213,238,180,155,187,162,173,204,168,233,267,298
Gene0451,16,20,18,22,23,13,10,13,22,25,20,33
Gene0452,918,1002,1387,721,1207,971,1312,927,864,957,928,1051
Gene0453,162,153,124,288,129,166,208,137,203,250,181,237
Gene0454,35,70,59,46,35,23,172,213,272,361,314,201
Gene0455,213,201,115,220,211,269,185,126,189,174,170,131
Gene0456,246,343,253,433,299,292,376,383,376,346,268,276
Gene0457,34,12,17,9,16,15,19,12,18,14,20,17
Gene0458,108,118,119,100,100,102,97,136,59,80,104,159
Gene0459,515,376,318,560,348,565,505,196,530,522,492,440
Gene0460,22,17,7,14,35,23,16,8,16,34,15,18
Gene0461,821,595,626,527,463,518,338,675,463,567,522,461
Gene0462,90,108,122,81,45,74,141,60,61,65,79,68
Gene0463,76,110,101,100,73,82,39,24,31,30,24,21
Gene0464,1801,1963,2392,1709,1969,2223,1783,1990,2068,2382,1815,2286
Gene0465,28,19,15,13,22,29,8,24,14,22,36,17
Gene0466,168,169,137,120,76,115,140,157,80,128,112,153
Gene0467,159,220,112,178,208,164,212,134,122,208,179,182
Gene0468,73,41,68,79,93,48,80,100,82,66,67,57
Gene0469,29,80,61,49,60,34,74,69,58,80,48,54
Gene0470,86,126,144,127,162,93,163,137,80,130,121,145
Gene0471,126,137,201,128,164,124,150,135,149,103,132,179
Gene0472,29,42,22,26,29,31,38,28,15,26,34,29
Gene0473,58,75,79,76,112,58,99,65,82,173,84,127
Gene0474,129,120,135,79,130,127,48,103,65,105,136,91
Gene0475,326,374,252,678,295,388,1406,1344,1117,1488,1699,1838
Gene0476,1633,1697,1194,2763,1670,1677,1585,1298,1766,1178,1586,831
Gene0477,553,413,315,526,534,460,499,354,504,426,464,326
Gene0478,552,306,263,260,339,418,348,285,278,334,324,252
Gene0479,262,190,218,307,382,322,340,208,330,236,373,332
Gene0480,539,497,346,537,492,548,484,711,347,716,500,677
Gene0481,162,271,209,284,227,343,239,135,274,228,183,214
Gene0482,38,40,37,61,59,32,41,41,48,32,40,50
Gene0483,4,5,3,1,3,1,4,3,3,4,3,0
Gene0484,528,656,429,530,513,546,285,540,719,558,378,462
Gene0485,601,554,563,600,556,635,475,605,510,772,532,766
Gene0486,140,255,132,253,211,212,195,240,142,268,206,279
Gene0487,896,421,462,799,600,595,382,638,609,711,543,331
Gene0488,639,467,831,523,533,629,513,676,637,584,620,560
Gene0489,35,25,24,31,22,46,33,10,53,29,22,43
Gene0490,238,356,320,210,307,165,585,528,683,948,404,926
Gene0491,451,416,456,515,557,744,354,353,556,456,528,402
Gene0492,5,7,6,14,9,9,4,6,3,2,3,7
Gene0493,73,83,175,180,122,129,104,125,107,153,137,84
Gene0494,49,23,38,46,39,54,57,41,37,39,60,62
Gene0495,31,16,25,24,16,35,22,19,15,17,17,15
Gene0496,16,22,15,30,17,34,19,12,23,10,25,6
Gene0497,4246,2756,2452,4299,3661,3102,6607,8554,9608,7661,5848,7639
Gene0498,187,250,149,229,291,161,187,175,211,235,265,180
Gene0499,283,231,204,260,226,144,222,231,173,217,187,310
Gene0500,27,47,45,23,39,36,19,22,20,13,11,9
Gene0501,917,633,576,553,836,676,676,539,908,449,676,638
Gene0502,52,79,60,64,53,36,55,67,82,88,57,63
Gene0503,294,470,644,641,495,543,451,567,496,361,667,317
Gene0504,37,34,55,65,38,31,45,57,54,39,43,53
Gene0505,87,102,70,95,137,82,94,122,134,73,98,135
Gene0506,12,16,20,15,15,11,9,10,13,9,19,8
Gene0507,2087,1775,2977,2493,3315,2948,3233,2377,3864,1773,3365,2649
Gene0508,407,386,310,430,436,484,418,359,399,484,294,406
Gene0509,45,16,36,24,22,21,34,36,40,25,48,41
Gene0510,26,21,22,20,37,21,93,152,78,90,96,93
Gene0511,1123,1140,1375,1161,1009,1736,1310,1324,1263,1016,1899,945
Gene0512,48,40,37,47,53,54,39,49,35,37,64,50
Gene0513,26,19,16,10,12,17,18,20,22,17,22,17
Gene0514,51,86,73,94,71,97,107,93,55,124,87,62
Gene0515,45,49,33,26,36,53,52,44,51,55,50,32
Gene0516,75,115,84,116,124,159,116,86,100,141,106,106
Gene0517,445,331,561,598,535,294,492,538,447,357,582,575
Gene0518,238,437,320,338,403,467,729,364,413,761,759,346
Gene0519,2814,2996,4297,4482,4098,2440,3008,3479,2594,4058,2973,3480
Gene0520,35,26,18,27,30,34,39,26,27,19,29,28
Gene0521,13,10,16,15,13,9,31,22,13,12,26,9
Gene0522,33,32,41,12,26,31,15,42,29,41,34,19
Gene0523,77,57,85,60,130,45,74,46,77,91,60,40
Gene0524,43,28,39,30,33,24,30,35,27,35,47,26
Gene0525,141,203,182,213,177,252,590,820,716,567,739,603
Gene0526,90,84,48,36,47,62,89,90,70,91,47,46
Gene0527,47,32,45,37,54,32,29,38,95,38,49,47
Gene0528,38,29,31,18,20,18,26,20,22,30,32,21
Gene0529,8805,7145,5998,7026,6373,8433,8728,6914,6925,7955,4508,10411
Gene0530,316,378,206,248,343,279,407,298,282,419,369,240
Gene0531,526,555,888,657,710,714,2885,4528,2532,3134,1708,3365
Gene0532,331,131,298,281,250,301,52,69,61,68,99,42
Gene0533,782,549,637,994,738,988,836,1430,800,1003,789,864
Gene0534,684,598,484,640,712,678,904,749,609,591,619,558
Gene0535,34,27,21,23,36,37,31,35,40,26,48,31
Gene0536,257,426,286,244,349,243,255,226,213,205,271,198
Gene0537,178,121,64,165,141,199,35,38,39,45,52,40
Gene0538,4115,3769,3590,4435,3005,2949,3973,2638,4320,5085,2562,3850
Gene0539,40,32,30,44,33,57,46,57,42,41,46,58
Gene0540,202,412,254,339,314,327,288,347,173,432,230,413
Gene0541,1240,1200,1717,1726,1422,1830,292,428,272,301,303,358
Gene0542,333,296,332,559,242,278,241,254,311,247,258,327
Gene0543,273,162,187,169,252,281,249,249,289,219,175,148
Gene0544,68,46,58,22,62,34,23,11,19,22,13,20
Gene0545,118,140,189,134,117,65,85,155,102,131,64,194
Gene0546,524,435,504,598,337,423,472,980,463,735,411,772
Gene0547,18544,15661,8098,18922,14481,14734,13398,17217,18147,13179,7158,14618
Gene0548,565,458,800,418,524,387,641,540,836,562,425,570
Gene0549,345,516,305,357,165,484,246,385,423,437,306,288
Gene0550,786,1241,1131,640,785,540,551,716,641,614,591,878
Gene0551,103,91,93,109,97,77,174,252,113,146,137,189
Gene0552,3739,7410,5864,5069,4859,5208,5119,6341,4166,5688,6144,4912
Gene0553,100,182,168,81,166,178,395,852,758,462,686,1101
Gene0554,579,776,1290,1042,799,931,639,632,847,507,1223,706
Gene0555,59,69,66,55,63,59,73,63,51,59,61,57
Gene0556,57,93,62,84,77,60,154,51,93,75,134,85
Gene0557,67,155,120,57,81,114,17,7,18,12,10,11
Gene0558,89,55,109,102,148,118,35,92,158,82,61,133
Gene0559,178,202,167,115,183,206,180,263,271,188,239,216
Gene0560,111,70,94,96,151,137,110,93,79,153,65,118
Gene0561,246,193,307,307,373,220,239,256,232,349,264,360
Gene0562,68,55,60,27,73,79,45,62,43,83,43,60
Gene0563,713,518,601,549,690,568,627,449,710,592,725,694
Gene0564,592,425,401,560,343,675,3390,3445,6031,3703,4568,4976
Gene0565,17,16,11,15,8,19,16,21,13,21,12,27
Gene0566,38,56,52,44,51,57,77,57,50,53,60,46
Gene0567,28,27,33,25,19,37,27,19,16,33,35,20
Gene0568,32,50,37,38,24,17,24,29,34,21,22,28
Gene0569,26,26,11,35,23,42,46,32,7,34,18,25
Gene0570,123,63,59,75,98,74,47,93,90,83,70,87
Gene0571,2,0,2,6,5,3,5,7,5,4,5,5
Gene0572,68,86,81,48,58,55,56,66,48,44,57,68
Gene0573,109,148,154,146,151,103,131,134,76,46,96,158
Gene0574,89,113,72,85,80,116,11,11,13,8,13,13
Gene0575,190,321,319,208,347,318,248,225,501,294,233,268
Gene0576,2,5,3,8,11,9,1,4,11,14,5,2
Gene0577,1032,1002,911,1088,820,675,1012,888,735,906,1216,1347
Gene0578,127,75,172,138,143,86,173,127,140,153,111,144
Gene0579,62,56,82,40,51,56,74,56,43,53,80,41
Gene0580,997,1413,1254,648,1623,1118,1069,1006,1465,2428,1196,1859
Gene0581,330,423,356,528,453,363,413,526,409,363,626,454
Gene0582,684,842,783,1112,794,566,233,140,291,277,283,225
Gene0583,50,30,51,47,31,65,51,78,48,56,61,65
Gene0584,5,0,2,4,4,7,4,0,3,3,2,4
Gene0585,118,108,134,79,203,207,28,25,20,17,13,23
Gene0586,76,89,56,74,81,47,198,179,176,132,184,164
Gene0587,66,44,75,39,98,52,40,43,69,66,101,49
Gene0588,239,287,132,201,283,167,206,225,318,234,187,319
Gene0589,729,741,745,621,749,944,1034,628,533,1153,760,528
Gene0590,842,566,564,1097,919,464,653,601,1006,1051,740,570
Gene0591,901,822,968,1046,842,816,853,886,428,1053,972,374
Gene0592,383,313,309,493,237,421,361,436,268,377,470,342
Gene0593,8,3,7,9,5,9,12,9,6,10,7,17
Gene0594,28,28,34,32,57,36,47,40,40,43,54,31
Gene0595,128,120,132,107,132,110,116,153,92,123,124,172
Gene0596,145,220,166,165,189,185,135,183,106,269,149,140
Gene0597,35,27,28,24,52,29,41,57,34,35,25,26
Gene0598,7,4,9,4,6,7,5,5,5,5,8,7
Gene0599,16,14,15,15,18,24,2,5,5,2,4,4
Gene0600,12,26,40,28,29,36,28,28,34,19,33,22
Gene0601,58,72,116,60,110,107,120,67,95,167,95,92
Gene0602,51,56,72,63,86,100,94,89,66,152,94,59
Gene0603,26,39,40,32,48,54,62,38,25,59,33,33
Gene0604,233,255,197,239,219,260,226,284,276,185,202,282
Gene0605,209,141,255,192,323,217,137,162,287,240,147,193
Gene0606,96,133,115,95,94,141,162,194,203,119,105,113
Gene0607,212,302,315,199,281,328,189,222,283,316,248,275
Gene0608,91,120,131,120,136,73,33,36,31,43,21,25
Gene0609,511,595,1007,741,776,712,1002,649,1068,843,749,1320
Gene0610,79,100,87,67,107,76,139,133,48,70,74,70
Gene0611,44,43,40,42,32,22,40,30,35,49,25,35
Gene0612,372,310,453,356,205,400,1658,3291,1409,3310,1582,1524
Gene0613,171,195,236,186,288,256,167,260,155,227,199,264
Gene0614,91,62,85,94,91,71,96,68,70,63,63,72
Gene0615,3520,3297,3990,3338,4029,3088,3515,2814,4095,2351,2981,4341
Gene0616,68,41,63,83,44,58,76,41,80,51,42,58
Gene0617,578,607,458,742,371,467,75,128,114,93,122,92
Gene0618,1083,723,578,951,1196,698,822,987,719,896,568,641
Gene0619,71,87,86,87,92,115,142,103,77,86,88,108
Gene0620,13,14,18,17,21,28,13,13,20,18,8,8
Gene0621,556,566,542,506,469,569,782,772,568,778,811,536
Gene0622,380,459,394,480,376,666,3038,2192,2178,3048,2202,1493
Gene0623,31,47,39,39,27,22,46,38,35,33,38,41
Gene0624,1116,937,1062,824,740,975,1744,1947,2329,2434,2180,1614
Gene0625,24134,24040,17269,16536,13735,12171,13246,14097,26574,15674,23087,19382
Gene0626,609,614,715,635,568,550,625,671,604,621,545,422
Gene0627,401,642,518,436,759,416,395,592,443,641,525,698
Gene0628,28,26,27,26,28,26,32,14,14,20,27,11
Gene0629,45,33,49,73,58,54,41,69,49,43,46,57
Gene0630,148,193,146,130,138,160,182,141,172,228,136,187
Gene0631,272,328,294,278,274,300,262,276,269,158,340,381
Gene0632,12,30,40,37,22,10,22,20,27,18,16,22
Gene0633,169,313,238,197,232,424,219,285,254,306,160,259
Gene0634,281,341,191,230,186,186,252,242,221,228,340,177
Gene0635,126,133,211,178,136,129,129,154,119,95,189,115
Gene0636,55,71,73,110,68,58,88,78,63,78,89,72
Gene0637,195,232,172,222,178,146,203,294,181,254,171,207
Gene0638,1526,1783,1258,1670,1797,1941,1671,1466,1268,1769,1461,1639
Gene0639,16,14,23,31,27,20,22,27,24,22,26,24
Gene0640,30,22,41,36,34,32,59,32,52,48,39,46
Gene0641,74,103,116,134,93,128,77,102,108,146,184,94
Gene0642,973,1684,1936,1777,2003,1564,1802,2289,1635,1550,1360,2499
Gene0643,431,315,304,367,413,380,199,409,215,275,313,644
Gene0644,110,88,74,67,78,80,364,300,371,357,297,354
Gene0645,176,139,99,90,153,110,107,132,138,79,122,129
Gene0646,3400,3483,3846,3268,3242,3284,462,219,483,577,361,564
Gene0647,33,47,56,40,55,42,46,55,45,64,47,41
Gene0648,735,398,461,592,689,645,303,381,547,489,597,699
Gene0649,70,138,75,91,77,82,84,82,88,94,67,113
Gene0650,718,392,532,461,534,568,1180,1678,1959,1786,1193,755
Gene0651,332,338,275,378,449,434,484,494,290,326,308,469
Gene0652,46,38,38,34,25,20,39,53,36,29,42,26
Gene0653,5656,3627,6605,5527,5263,4428,5107,5475,7342,5412,5596,4515
Gene0654,738,1187,1406,1163,1041,1439,288,266,282,219,191,254
Gene0655,11,19,11,4,8,9,10,8,14,4,9,8
Gene0656,174,96,215,165,118,200,196,204,215,224,111,134
Gene0657,109,64,110,69,60,81,152,63,85,102,96,68
Gene0658,17,15,24,31,22,23,16,6,10,11,29,10
Gene0659,86,168,90,106,99,110,83,105,152,97,126,147
Gene0660,2054,1855,2193,2833,2818,1408,1960,2314,1526,2620,1938,1649
Gene0661,29,61,35,50,47,23,33,40,60,43,26,32
Gene0662,145,114,150,128,82,150,155,147,121,116,132,236
Gene0663,11,13,11,16,14,16,7,18,8,13,13,7
Gene0664,296,546,506,396,396,410,236,413,504,250,468,466
Gene0665,684,419,628,652,320,481,649,424,513,577,638,461
Gene0666,43,44,60,61,52,22,49,39,26,61,34,46
Gene0667,636,925,605,918,722,1189,814,1114,949,977,992,824
Gene0668,135,108,109,146,123,77,184,141,118,193,81,146
Gene0669,205,164,167,194,149,133,176,172,132,290,141,249
Gene0670,74,47,37,51,50,45,55,50,46,39,34,42
Gene0671,79,107,79,149,142,199,111,129,112,79,94,96
Gene0672,44,57,48,31,66,57,47,58,47,45,28,38
Gene0673,1694,2296,1895,2141,2157,2079,1855,1984,1971,2314,2183,1368
Gene0674,1011,916,1294,937,704,710,892,956,742,660,1204,572
Gene0675,70,133,92,73,44,57,99,57,46,59,66,74
Gene0676,5,7,11,8,6,6,7,8,16,10,12,4
Gene0677,979,963,769,690,1292,1406,938,632,1272,1153,756,825
Gene0678,377,239,312,273,349,243,392,340,282,317,446,341
Gene0679,180,78,120,114,129,119,84,97,91,98,95,116
Gene0680,2309,3109,2596,2610,1609,2356,5298,2385,3136,1929,2808,2882
Gene0681,38,34,39,33,35,33,10,34,24,39,23,28
Gene0682,22,41,33,26,17,33,29,32,34,43,31,32
Gene0683,17,12,22,11,13,21,14,12,16,12,15,15
Gene0684,89,181,259,150,161,258,184,221,244,82,252,161
Gene0685,6,9,3,13,6,13,2,3,4,2,2,2
Gene0686,724,737,673,756,805,956,789,505,823,905,859,781
Gene0687,237,198,159,131,201,145,208,111,167,184,162,225
Gene0688,153,84,84,96,122,150,97,160,94,167,121,151
Gene0689,38,61,47,86,44,57,61,67,49,56,36,35
Gene0690,1,2,1,1,4,2,4,1,4,1,0,3
Gene0691,36,41,29,27,53,24,31,38,38,54,54,45
Gene0692,223,267,162,253,215,287,213,186,196,223,255,218
Gene0693,170,161,140,92,132,188,121,136,242,125,158,154
Gene0694,142,242,222,194,303,139,309,280,145,208,286,146
Gene0695,39,27,38,26,19,37,52,26,30,46,31,54
Gene0696,90,100,91,82,106,89,80,156,50,106,84,75
Gene0697,14,17,25,19,11,14,12,14,23,16,16,28
Gene0698,1732,1762,1538,1177,1690,1891,1525,2038,1737,1135,1557,1300
Gene0699,172,126,182,202,124,61,163,74,139,224,133,117
Gene0700,2757,3037,3074,3403,3417,2225,3568,1678,3161,3911,2240,3033
Gene0701,74,70,109,69,88,141,109,163,115,141,97,121
Gene0702,56,83,69,84,90,97,103,94,61,120,86,59
Gene0703,21,22,17,15,34,23,10,21,28,15,17,31
Gene0704,204,182,275,238,222,190,232,330,333,169,155,186
Gene0705,51,77,70,117,72,44,81,74,49,40,96,92
Gene0706,5,8,9,5,6,10,9,8,4,10,4,4
Gene0707,1,1,8,9,5,5,5,4,1,5,4,9
Gene0708,102,115,94,145,192,181,92,157,149,139,101,197
Gene0709,1895,1775,1629,1419,1556,2049,1097,1131,1185,1614,1837,1948
Gene0710,156,108,106,187,132,154,109,251,163,159,133,124
Gene0711,30,53,34,43,35,32,37,45,56,34,42,17
Gene0712,450,390,324,379,381,366,268,494,201,343,546,385
Gene0713,238,227,214,156,139,240,189,271,171,192,254,189
Gene0714,394,428,762,771,570,394,4832,4155,4409,4317,2958,3916
Gene0715,46,98,79,63,72,64,74,87,54,93,48,97
Gene0716,43,30,31,24,37,41,23,36,39,43,44,30
Gene0717,277,193,326,257,302,144,183,280,233,247,144,180
Gene0718,28,13,22,26,28,26,25,18,20,26,25,36
Gene0719,110,125,84,133,93,80,99,188,89,142,141,70
Gene0720,2250,2030,2010,2062,2746,1997,463,873,335,624,422,489
Gene0721,7393,5379,6376,3764,5770,3126,4967,4978,6212,3097,3173,3193
Gene0722,280,200,299,275,251,337,280,304,193,305,137,194
Gene0723,1032,911,1434,726,1561,1136,1104,1160,1097,1181,1427,920
Gene0724,1172,1042,1287,886,2054,1156,786,1442,1145,612,1540,1210
Gene0725,158,227,283,261,253,314,194,230,233,254,142,238
Gene0726,239,429,299,239,219,340,233,160,367,308,315,369
Gene0727,272,245,285,208,276,343,247,208,294,237,297,243
Gene0728,84,96,131,86,107,70,128,113,99,157,138,108
Gene0729,202,251,271,292,190,291,222,213,266,243,176,319
Gene0730,148,73,55,49,62,89,87,135,98,78,98,79
Gene0731,116,134,66,129,107,124,283,390,364,534,280,456
Gene0732,108,94,79,78,76,71,32,21,28,19,25,33
Gene0733,455,601,304,324,477,490,345,281,254,185,128,277
Gene0734,151,118,205,125,132,100,189,168,124,110,114,178
Gene0735,45,58,50,63,51,72,91,69,53,54,56,87
Gene0736,24,16,21,23,29,19,13,14,15,31,26,15
